date,equity
2025-01-01,149900.279873
2025-01-02,150854.358409
2025-01-03,150766.628409
2025-01-06,151466.438409
2025-01-07,152951.76840899998
2025-01-08,152208.928409
2025-01-09,153125.748409
2025-01-10,152967.418409
2025-01-13,153428.998409
2025-01-14,152459.668409
2025-01-15,150947.218409
2025-01-16,150467.29840899998
2025-01-17,149767.288409
2025-01-20,151077.628409
2025-01-21,151990.448409
2025-01-22,151521.868409
2025-01-23,152822.878409
2025-01-24,152392.228409
2025-01-27,152866.868409
2025-01-28,153702.928409
2025-01-29,154019.048409
2025-01-30,154931.2447023
2025-01-31,154987.63470229998
2025-02-03,155467.9247023
2025-02-04,155139.3947023
2025-02-05,156889.10470229998
2025-02-06,156474.9247023
2025-02-07,156722.90470229997
2025-02-10,157742.16470229998
2025-02-11,157259.5647023
2025-02-12,156864.60658169998
2025-02-13,156401.34480569998
2025-02-14,156401.34480569998
2025-02-17,156401.34480569998
2025-02-18,156401.34480569998
2025-02-19,156401.34480569998
2025-02-20,156401.34480569998
2025-02-21,156401.34480569998
2025-02-24,156401.34480569998
2025-02-25,156341.82830969998
2025-02-26,157166.34830969997
2025-02-27,158160.3083097
2025-02-28,159030.70830969998
2025-03-03,159309.8083097
2025-03-04,160133.66830969998
2025-03-05,160446.0683097
2025-03-06,161491.66830969998
2025-03-07,162330.1483097
2025-03-10,161718.66830969998
2025-03-11,162253.2483097
2025-03-12,162598.32830969998
2025-03-13,162929.46830969997
2025-03-14,163352.44830969998
2025-03-17,163397.22830969997
2025-03-18,163799.3083097
2025-03-19,162559.8683097
2025-03-20,163584.26830969998
2025-03-21,162724.0683097
2025-03-24,161947.6483097
2025-03-25,161021.0102207
2025-03-26,161021.0102207
2025-03-27,161021.0102207
2025-03-28,161021.0102207
2025-03-31,161021.0102207
2025-04-01,161021.0102207
2025-04-02,161021.0102207
2025-04-03,161021.0102207
2025-04-04,161021.0102207
2025-04-07,161021.0102207
2025-04-08,161021.0102207
2025-04-09,161021.0102207
2025-04-10,161021.0102207
2025-04-11,161021.0102207
2025-04-14,161021.0102207
2025-04-15,160825.12352969998
2025-04-16,160718.76352969997
2025-04-17,163823.03352969998
2025-04-18,162039.95352969997
2025-04-21,166169.61352969997
2025-04-22,172696.7235297
2025-04-23,177550.08352969997
2025-04-24,181903.85352969996
2025-04-25,181413.06352969998
2025-04-28,180713.36352969997
2025-04-29,179158.14352969997
2025-04-30,183082.7935297
2025-05-01,187155.1935297
2025-05-02,192719.74352969998
2025-05-05,187136.36352969997
2025-05-06,189112.42352969997
2025-05-07,190642.93352969998
2025-05-08,191939.67352969997
2025-05-09,195618.1335297
2025-05-12,196875.12352969998
2025-05-13,199113.60352969996
2025-05-14,201887.31352969998
2025-05-15,203177.33352969997
2025-05-16,206319.25352969996
2025-05-19,205943.46352969998
2025-05-20,208084.8835297
2025-05-21,210723.3535297
2025-05-22,216119.85352969996
2025-05-23,218392.03352969995
2025-05-26,213151.79352969996
2025-05-27,211867.57754169998
2025-05-28,211867.57754169998
2025-05-29,211867.57754169998
2025-05-30,211867.57754169998
2025-06-02,211867.57754169998
2025-06-03,211867.57754169998
2025-06-04,211867.57754169998
2025-06-05,211867.57754169998
2025-06-06,211867.57754169998
2025-06-09,211867.57754169998
2025-06-10,211867.57754169998
2025-06-11,211867.57754169998
2025-06-12,211867.57754169998
2025-06-13,211867.57754169998
2025-06-16,211867.57754169998
2025-06-17,211712.6452187
2025-06-18,211477.94521869998
2025-06-19,211676.49521869997
2025-06-20,210273.6652187
2025-06-23,209762.7252187
2025-06-24,208931.65330369998
2025-06-25,208931.65330369998
2025-06-26,208874.76352269997
2025-06-27,209089.36352269998
2025-06-30,208396.27352269998
2025-07-01,209325.82352269997
2025-07-02,210512.91352269996
2025-07-03,210897.97352269996
2025-07-04,210943.24352269998
2025-07-07,210276.3835227
2025-07-08,210334.36352269998
2025-07-09,209147.98352269997
2025-07-10,208551.61280044998
2025-07-11,208551.61280044998
2025-07-14,208551.61280044998
2025-07-15,208551.61280044998
2025-07-16,208551.61280044998
2025-07-17,208551.61280044998
2025-07-18,208551.61280044998
2025-07-21,208551.61280044998
2025-07-22,208551.61280044998
2025-07-23,208551.61280044998
2025-07-24,208421.43129444995
2025-07-25,210868.20129444997
2025-07-28,212733.32129444997
2025-07-29,213227.25129444996
2025-07-30,213480.20129444997
2025-07-31,212692.41129445
2025-08-01,207990.42331229997
2025-08-04,207990.42331229997
2025-08-05,207990.42331229997
2025-08-06,207990.42331229997
2025-08-07,207990.42331229997
2025-08-08,207990.42331229997
2025-08-11,207990.42331229997
2025-08-12,207990.42331229997
2025-08-13,207990.42331229997
2025-08-14,207990.42331229997
2025-08-15,207990.42331229997
2025-08-18,207788.70708329996
2025-08-19,210963.72708329998
2025-08-20,211797.36708329996
2025-08-21,212280.72708329998
2025-08-22,211614.18708329997
2025-08-25,216526.39708329996
2025-08-26,215952.88708329998
2025-08-27,214463.89708329996
2025-08-28,215156.27708329997
2025-08-29,213582.43708329997
2025-09-01,214385.33708329996
2025-09-02,216529.25708329998
2025-09-03,216323.87708329997
2025-09-04,215632.31708329997
2025-09-05,216336.96708329997
2025-09-08,214243.43708329997
2025-09-09,212700.0570833
2025-09-10,210642.6470833
2025-09-11,207975.77655049998
2025-09-12,207975.77655049998
2025-09-15,207975.77655049998
2025-09-16,207975.77655049998
2025-09-17,207975.77655049998
2025-09-18,207975.77655049998
2025-09-19,207975.77655049998
2025-09-22,207975.77655049998
2025-09-23,207975.77655049998
2025-09-24,207975.77655049998
2025-09-25,207975.77655049998
2025-09-26,207975.77655049998
2025-09-29,207975.77655049998
2025-09-30,207975.77655049998
2025-10-01,207975.77655049998
2025-10-02,207975.77655049998
2025-10-03,207975.77655049998
2025-10-06,207975.77655049998
2025-10-07,207975.77655049998
2025-10-08,207975.77655049998
2025-10-09,207975.77655049998
2025-10-10,207975.77655049998
2025-10-13,207975.77655049998
2025-10-14,207894.1573115
2025-10-15,210118.4173115
2025-10-16,211295.2573115
2025-10-17,211811.94731149997
2025-10-20,212911.01731149998
2025-10-21,212860.8873115
2025-10-22,211482.95731149998
2025-10-23,211584.45731149998
2025-10-24,213574.14731149998
2025-10-27,213778.64731149998
2025-10-28,214901.6373115
2025-10-29,214499.94731149997
2025-10-30,212987.0673115
2025-10-31,215561.20731149998
2025-11-03,214377.83731149998
2025-11-04,211884.7177017
2025-11-05,211884.7177017
2025-11-06,211884.7177017
2025-11-07,211884.7177017
2025-11-10,211884.7177017
2025-11-11,211884.7177017
2025-11-12,211884.7177017
2025-11-13,211884.7177017
2025-11-14,211884.7177017
2025-11-17,211884.7177017
2025-11-18,211884.7177017
2025-11-19,211884.7177017
2025-11-20,211884.7177017
2025-11-21,211884.7177017
2025-11-24,211884.7177017
2025-11-25,211884.7177017
2025-11-26,211884.7177017
2025-11-27,211884.7177017
2025-11-28,211884.7177017
2025-12-01,211884.7177017
2025-12-02,211884.7177017
2025-12-03,211884.7177017
2025-12-04,211884.7177017
2025-12-05,211884.7177017
2025-12-08,211884.7177017
2025-12-09,211884.7177017
2025-12-10,211884.7177017
2025-12-11,211884.7177017
2025-12-12,211884.7177017
2025-12-15,211884.7177017
2025-12-16,211884.7177017
2025-12-17,211884.7177017
2025-12-18,211884.7177017
2025-12-19,211884.7177017
2025-12-22,211884.7177017
2025-12-23,211884.7177017
2025-12-24,211884.7177017
2025-12-25,211884.7177017
2025-12-26,211884.7177017
2025-12-29,211884.7177017
2025-12-30,211884.7177017
2025-12-31,211884.7177017
